{"cameraMode":{"drawMode":0,"name":"Shaded","section":"Shading Mode"},"sceneLighting":false,"audioPlay":false,"sceneViewState":{"m_AlwaysRefresh":false,"showFog":true,"showSkybox":false,"showFlares":true,"showImageEffects":true,"showParticleSystems":true,"showVisualEffectGraphs":true,"m_FxEnabled":true},"in2DMode":false,"pivot":{"x":-0.20000004768371583,"y":2.819999933242798,"z":-0.08325576782226563},"rotation":{"x":-0.3072447180747986,"y":0.01055567990988493,"z":-0.003425877308472991,"w":-0.9515846967697144},"size":3.9912021160125734,"orthographic":false}